Chunk Size (chars),Number of Chunks,Average Retrieval Score
200,6220,0.6761632144451142
400,2667,0.6472024470567703
800,1247,0.5750639915466309
